{"stats":{"minecraft:custom":{"minecraft:jump":37,"minecraft:time_since_rest":15601,"minecraft:leave_game":1,"minecraft:walk_on_water_one_cm":176,"minecraft:sprint_one_cm":4541,"minecraft:play_time":15601,"minecraft:damage_taken":20,"minecraft:time_since_death":15601,"minecraft:walk_one_cm":4226,"minecraft:total_world_time":15601,"minecraft:walk_under_water_one_cm":1418,"minecraft:fall_one_cm":1111,"minecraft:fly_one_cm":2250},"minecraft:picked_up":{"minecraft:dirt":1},"minecraft:mined":{"minecraft:grass_block":1},"minecraft:used":{"minecraft:dirt":1}},"DataVersion":3465}